id,tramite,pregunta_ejemplo,requisitos,documentos_necesarios,costo,plazo,dependencia_responsable,pasos_procedimiento,respuesta_generica
1,Inscripción a materias,¿Cómo me inscribo a materias? | ¿Cómo hago mi reinscripción del semestre? | ¿Cuándo me toca inscribir mis materias en SIASE? | Quiero dar de alta mis materias,Ser alumno vigente de la UANL; No tener adeudos con la facultad ni con Rectoría; Haber pagado la cuota de Rectoría y la cuota interna del semestre; Tener asignada tu fecha y hora de inscripción en SIASE,Matrícula y contraseña de SIASE; Comprobante de pago de la cuota de Rectoría; Comprobante de pago de la cuota interna de la FIME,Sin costo adicional (solo necesitas tener pagadas las cuotas del semestre),"Una ventana por semestre (enero y agosto), en la fecha y hora que te asigna SIASE",Departamento Escolar y de Archivo de la FIME,1. Paga la cuota de Rectoría y la cuota interna. 2. Entra a SIASE (uanl.mx/enlinea) con tu matrícula y contraseña. 3. Consulta tu fecha y hora de inscripción. 4. En tu turno elige materias y grupos disponibles. 5. Confirma la inscripción y guarda tu horario.,"Para inscribirte a materias entra a SIASE en la fecha y hora que te asigna el sistema, elige tus materias y grupos y confirma. Antes debes tener pagadas la cuota de Rectoría y la cuota interna de la FIME y no tener adeudos. Si tienes algún problema acude al Departamento Escolar y de Archivo de la FIME."
2,Pago de cuotas escolares,¿Dónde pago mi cuota de inscripción? | ¿Cómo pago la colegiatura del semestre? | ¿Cuánto es la cuota interna de FIME? | ¿Dónde saco el recibo para pagar la cuota?,Ser alumno inscrito o en proceso de reinscripción; Generar el recibo de pago en SIASE,Recibo de pago con número de referencia generado en SIASE; Matrícula,"Cuota de Rectoría según tu recibo más cuota interna de la FIME. Referencia de primer ingreso: cuota interna $800, servicios de licenciatura $2,300, laboratorios especializados $1,650 y servicio médico $110 MXN (los montos cambian cada semestre)",Antes de tu fecha de inscripción; el recibo de cuota interna se libera 48 horas después de pagar el de Rectoría,Tesorería General de la UANL (cuota de Rectoría) y Caja de la FIME (cuota interna),"1. Entra a SIASE y genera tu recibo de pago de Rectoría. 2. Paga en Banorte, 7-Eleven o en línea con la referencia. 3. Espera 48 horas a que se libere el recibo de cuota interna. 4. Paga la cuota interna por transferencia SPEI o en la caja de la FIME. 5. Guarda ambos comprobantes.","Las cuotas se pagan con el recibo que generas en SIASE: la de Rectoría en Banorte, 7-Eleven o en línea, y la cuota interna de la FIME (se libera 48 horas después) por transferencia SPEI o en la caja de la facultad. Los montos cambian cada semestre, así que revisa siempre tu recibo."
3,Consulta de horario de clases,¿Dónde veo mi horario de clases? | ¿A qué hora son mis clases? | ¿Cómo consulto en qué salón me toca? | ¿Dónde imprimo mi horario?,Estar inscrito en el semestre actual; Tener acceso a SIASE,Matrícula y contraseña de SIASE,Gratuito,Disponible desde que confirmas tu inscripción y durante todo el semestre,Departamento Escolar y de Archivo de la FIME,"1. Entra a SIASE con tu matrícula y contraseña. 2. Selecciona tu carrera. 3. Abre la opción Horario. 4. Revisa materia, grupo, salón, día y hora. 5. Descárgalo o imprímelo si lo necesitas.","Tu horario de clases (materias, grupos, salones y horas) está en SIASE, en la opción Horario. Puedes consultarlo gratis desde que confirmas tu inscripción y durante todo el semestre."
4,Consulta de calificaciones,¿Dónde veo mis calificaciones? | ¿Cómo sé si pasé la materia? | Quiero ver mis notas del semestre | ¿Ya salieron las calificaciones finales?,Estar inscrito; Que el profesor haya capturado la calificación en el sistema,Matrícula y contraseña de SIASE,Gratuito,Se publican después de cada periodo de exámenes (ordinario y extraordinario) según el calendario escolar,Departamento Escolar y de Archivo de la FIME,"1. Entra a SIASE. 2. Selecciona tu carrera. 3. Abre Calificaciones o Kardex. 4. Revisa la oportunidad y la calificación de cada materia. 5. Si encuentras un error, repórtalo con tu profesor y después en el Departamento Escolar.","Tus calificaciones se consultan en SIASE, en las opciones Calificaciones o Kardex, después de cada periodo de exámenes. Si ves un error, habla primero con tu profesor y luego con el Departamento Escolar de la FIME."
5,Beca por promedio,"¿Cómo solicito una beca por promedio? | ¿Qué becas hay por buenas calificaciones? | Tengo buen promedio, ¿me pueden dar beca? | ¿Cuándo sale la convocatoria de becas académicas?",Promedio mínimo de 85; Haber cursado la carga académica completa; Aprobar todas las materias en primera oportunidad; Estar entre los tres mejores promedios del ciclo escolar anterior,Solicitud de beca; Kardex actualizado; Comprobante de inscripción vigente,Gratuito,"Según la convocatoria semestral, normalmente al inicio de cada semestre",Dirección de Becas de la UANL a través de la Coordinación de Becas de la FIME,1. Revisa la convocatoria en los avisos de la FIME. 2. Verifica que cumples el promedio y los requisitos. 3. Llena la solicitud. 4. Entrega los documentos en las fechas indicadas. 5. Consulta el resultado en SIASE.,"La beca por promedio es para alumnos con promedio de 85 o más, carga completa y todas las materias aprobadas en primera oportunidad, que estén entre los tres mejores del ciclo anterior. Se solicita según la convocatoria semestral con la Coordinación de Becas de la FIME, que la gestiona ante la Dirección de Becas de la UANL."
6,Beca por escasos recursos,"¿Hay becas para alumnos de bajos recursos? | No me alcanza para pagar la cuota, ¿hay algún apoyo económico? | ¿Cómo pido una beca socioeconómica? | ¿Hay descuento en la cuota interna?",Ser alumno regular e inscrito; Demostrar necesidad económica mediante un estudio socioeconómico; Mantener promedio aprobatorio según la convocatoria,Solicitud de beca; Comprobante de ingresos familiares; Comprobante de domicilio; Kardex; CURP,Gratuito,Según la convocatoria semestral; la evaluación socioeconómica puede tardar algunas semanas,Dirección de Becas de la UANL (estudio socioeconómico) y Coordinación de Becas de la FIME,1. Consulta la convocatoria vigente. 2. Llena la solicitud y el estudio socioeconómico. 3. Entrega comprobantes de ingresos y domicilio. 4. Espera la evaluación de la Dirección de Becas. 5. Revisa el resultado y el descuento aplicado a tu cuota.,"Si tienes dificultades económicas puedes solicitar una beca por escasos recursos. La Dirección de Becas de la UANL realiza un estudio socioeconómico y, si te la otorgan, se aplica un descuento a tu cuota. Revisa la convocatoria semestral con la Coordinación de Becas de la FIME."
7,Kardex oficial,¿Cómo saco mi kardex? | Necesito mi historial académico oficial | ¿Dónde pido el kardex con sello? | ¿Cuánto cuesta el kardex?,Ser alumno o egresado de la UANL; No tener adeudos con la facultad,Matrícula; Nombre completo; Comprobante de pago del trámite,Aprox. $150 MXN (puede variar por facultad),Se entrega al siguiente día hábil después del pago,Departamento Escolar y de Archivo de la FIME (pago en Tesorería),1. Solicita el kardex en la ventanilla de Tesorería indicando tu nombre y matrícula. 2. Paga el trámite. 3. Conserva tu comprobante. 4. Recoge el kardex en el Departamento Escolar y de Archivo al siguiente día hábil.,"El kardex oficial (documento de trayectoria académica) se solicita en Tesorería dando tu nombre y matrícula. Cuesta aproximadamente $150 MXN y se entrega al siguiente día hábil en el Departamento Escolar y de Archivo. Si solo quieres consultarlo sin validez oficial, puedes verlo gratis en SIASE."
8,Constancia de estudios,¿Cómo saco una constancia de estudios? | Necesito un comprobante de que estoy estudiando | ¿Dónde pido la carta de alumno inscrito? | ¿Cuánto tarda la constancia de alumno?,Estar inscrito en el semestre vigente; No tener adeudos,Matrícula; Comprobante de pago del trámite,Aprox. $150 MXN (varía por facultad),De 1 a 3 días hábiles,Departamento Escolar y de Archivo de la FIME,1. Solicita la constancia en la ventanilla del Departamento Escolar o en SIASE. 2. Genera y paga el recibo. 3. Espera de 1 a 3 días hábiles. 4. Recógela en ventanilla presentando tu credencial.,"La constancia de estudios comprueba que eres alumno inscrito; te la piden para el IMSS, el transporte o empleos. Se solicita en el Departamento Escolar y de Archivo de la FIME, cuesta alrededor de $150 MXN y está lista en 1 a 3 días hábiles."
9,Certificado de estudios,¿Cómo tramito mi certificado de estudios? | Necesito un certificado parcial de materias | ¿Cuánto cuesta el certificado total? | ¿Dónde saco el certificado para cambiarme de universidad?,"Ser alumno o egresado de la UANL; No tener adeudos; Para el certificado total, haber aprobado el 100% de los créditos",Solicitud en SIASE (Trámites DEyA); Comprobante de pago,"$715 MXN en formato digital o $1,430 MXN en formato físico",Variable; da seguimiento al estado del trámite en SIASE,"Departamento Escolar y de Archivo (DEyA) de la UANL, Torre de Rectoría",1. Entra a SIASE y abre Trámites DEyA. 2. Elige Certificado parcial o total. 3. Imprime el recibo y paga en Banorte. 4. Da seguimiento en SIASE. 5. Descarga o recoge tu certificado cuando esté listo.,"El certificado de estudios (parcial o total) se solicita en SIASE, en Trámites DEyA. Cuesta $715 MXN en digital o $1,430 MXN en físico, se paga en Banorte y lo emite el Departamento Escolar y de Archivo de la UANL."
10,Credencial universitaria,"¿Cómo saco mi credencial de estudiante? | ¿Dónde recojo mi credencial de la UANL? | Soy de nuevo ingreso, ¿cuándo me dan mi credencial? | ¿Cómo subo mi foto para la credencial?",Ser alumno inscrito; Tener fotografía aprobada en SIASE,Matrícula; Fotografía digital cargada en SIASE (opción Subir Foto del Alumno),Sin costo la primera vez; el resello también es gratuito,Se entrega al inicio del primer semestre según la programación de tu facultad,Credencialización UANL (Torre de Rectoría) en coordinación con el Departamento Escolar de la FIME,1. Sube tu fotografía en SIASE. 2. Espera la aprobación de la foto. 3. Consulta la fecha de entrega en SIASE o en los avisos de la FIME. 4. Recoge tu credencial presentando identificación.,"La credencial universitaria es gratuita la primera vez. Sube tu fotografía en SIASE (Subir Foto del Alumno) y recógela en la fecha que programe tu facultad. La necesitas para la biblioteca, el Tigrebus y varios trámites."
11,Duplicado de credencial,"Perdí mi credencial, ¿cómo saco otra? | ¿Cómo repongo mi credencial si me la robaron? | ¿Cuánto cuesta el duplicado de la credencial? | Se me rompió la credencial",Ser alumno inscrito; Tener fotografía aprobada en SIASE,Recibo de pago del duplicado; Hoja de cita impresa desde SIASE; Identificación,$170 MXN,De 5 a 7 días hábiles a partir del pago,"Credencialización UANL, planta baja ala sur de la Torre de Rectoría, Ciudad Universitaria (lunes a viernes de 8:00 a 14:00, credencializacion@uanl.mx)","1. Entra a SIASE y abre Trámites DEyA. 2. Elige Duplicado de Credencial y acepta. 3. Imprime el recibo y paga en el banco. 4. Después de 5 días hábiles imprime tu cita en Situación Estudiante UANL. 5. Acude a la cita en el día, hora y ventanilla indicados.","Si perdiste, te robaron o se dañó tu credencial, solicita el duplicado en SIASE (Trámites DEyA, Duplicado de Credencial). Cuesta $170 MXN y se entrega en 5 a 7 días hábiles en Credencialización, en la Torre de Rectoría."
12,Préstamo de libros en biblioteca,¿Cómo pido prestado un libro en la biblioteca? | ¿Cuántos libros me puedo llevar a mi casa? | ¿A qué hora abre la biblioteca de FIME? | ¿Qué necesito para sacar libros de la biblioteca?,Ser alumno inscrito; No tener multas ni libros pendientes de devolver,Credencial universitaria vigente,Gratuito,Préstamo externo de hasta 3 libros; la biblioteca de la FIME abre de 7:30 a 19:00,Biblioteca de la FIME (módulo de préstamo en el primer piso),1. Busca el libro en el catálogo de la biblioteca. 2. Acude al módulo de préstamo en el primer piso. 3. Presenta tu credencial. 4. Registra el préstamo y anota la fecha de devolución. 5. Devuelve a tiempo para evitar multas.,La biblioteca de la FIME presta libros gratis para consulta en sala o a domicilio (hasta 3 libros) presentando tu credencial. Abre de 7:30 a 19:00 y el módulo de préstamo está en el primer piso.
13,Libro Alquilado,¿Puedo rentar libros por todo el semestre? | ¿Qué es el servicio de Libro Alquilado? | ¿Dónde rento los libros de mis materias?,Ser alumno inscrito de la UANL,Credencial universitaria vigente,20% del valor comercial del libro por todo el semestre,De 1 a 6 títulos durante el semestre; atención de lunes a viernes de 8:00 a 18:30,Biblioteca Universitaria Raúl Rangel Frías (Dirección General de Bibliotecas UANL),1. Revisa qué títulos necesitas. 2. Acude al módulo de Libro Alquilado con tu credencial. 3. Paga el 20% del valor del libro. 4. Úsalo durante el semestre. 5. Devuélvelo al terminar el periodo.,Con el servicio Libro Alquilado de la Biblioteca Universitaria Raúl Rangel Frías puedes rentar de 1 a 6 libros por todo el semestre pagando el 20% de su valor comercial. Atienden de lunes a viernes de 8:00 a 18:30.
14,Servicio social,¿Cómo hago mi servicio social? | ¿Cuántas horas de servicio social tengo que cumplir? | ¿Cuándo puedo empezar el servicio social? | ¿Cómo libero mi servicio social?,"Haber aprobado el 70% de los créditos del plan (154 créditos); Ser alumno regular (sin materias en 3ª, 4ª, 5ª o 6ª oportunidad); Preinscribirte a partir del 7º semestre",Solicitud de preinscripción; Kardex; Carta de aceptación de la institución receptora; 6 reportes mensuales en SIASE,Gratuito,Mínimo 480 horas en 6 meses continuos,Coordinación de Servicio Social de la FIME,1. Verifica que tienes el 70% de créditos y eres alumno regular. 2. Preinscríbete en las fechas que publica la coordinación. 3. Elige un programa o institución receptora. 4. Cumple las 480 horas en 6 meses. 5. Contesta los 6 reportes mensuales en SIASE. 6. Solicita tu liberación.,"El servicio social en la FIME requiere el 70% de los créditos (154) y ser alumno regular. Dura 6 meses continuos con un mínimo de 480 horas, no tiene costo y se libera al completar los 6 reportes mensuales en SIASE. Lo coordina la Coordinación de Servicio Social de la FIME."
15,Prácticas profesionales,¿Cómo registro mis prácticas profesionales? | ¿Cuántos créditos necesito para hacer prácticas? | Quiero hacer prácticas en una empresa | ¿Cuándo es el registro de prácticas profesionales?,Tener 110 créditos al momento del registro; Haber cubierto las cuotas del semestre; Asistir a la plática informativa obligatoria,Carta de aceptación de la empresa; Kardex; Formato de registro de la coordinación,Gratuito,"Curriculares: 6 meses, de 4 a 6 horas diarias, mínimo 480 horas. Registro del 1 de octubre al 25 de noviembre (semestre enero-junio) y del 1 de abril al 25 de mayo (semestre agosto-diciembre)",Coordinación de Prácticas Profesionales de la FIME,1. Asiste a la plática informativa (se anuncia en Teams y Facebook en marzo y septiembre). 2. Consigue una empresa y su carta de aceptación. 3. Entrega tus documentos en las fechas de registro. 4. Realiza tus prácticas de 4 a 6 horas diarias. 5. Entrega los reportes para que se acrediten.,"Para hacer prácticas profesionales en la FIME necesitas 110 créditos, cuotas pagadas y asistir a la plática informativa. Las curriculares duran 6 meses (mínimo 480 horas) y se registran en la Coordinación de Prácticas Profesionales; se recomienda hacerlas entre el 6º y 9º semestre."
16,Titulación,¿Cómo me titulo? | ¿Qué necesito para titularme? | ¿Cuáles son las opciones de titulación en FIME? | ¿Cuánto cuesta el título?,Haber aprobado el 100% de los créditos; Servicio social liberado; Comprobante aprobatorio de segundo idioma (inglés); Presentar el examen EGEL-CENEVAL o cumplir otra opción de titulación,Certificado total de estudios; Constancia de liberación de servicio social; Comprobante de inglés; Acta de nacimiento; CURP; Fotografías,"Expedición del título de licenciatura $1,237 MXN (formato digital), más los costos de la opción de titulación elegida",Se inicia al principio del semestre siguiente a tu egreso; el título se entrega varios meses después,Coordinación de Titulación de la FIME y Departamento Escolar y de Archivo de la UANL,1. Termina tus créditos y libera el servicio social. 2. Acredita el segundo idioma. 3. Presenta el EGEL o elige otra opción de titulación. 4. Inicia el trámite en la Coordinación de Titulación con tus documentos. 5. Paga la expedición del título. 6. Recoge o descarga tu título.,"Para titularte necesitas el 100% de créditos, servicio social liberado, comprobante aprobatorio de inglés y acreditar una opción de titulación como el EGEL. El trámite se inicia en la Coordinación de Titulación de la FIME al semestre siguiente de tu egreso y la expedición del título cuesta $1,237 MXN en formato digital."
17,Carta de pasante,"¿Cómo saco mi carta de pasante? | Ya terminé la carrera, ¿qué documento me dan mientras me titulo? | ¿Cuánto cuesta la carta de pasante?",Haber aprobado el 100% de los créditos; Servicio social liberado,Solicitud en SIASE; Comprobante de pago; Fotografías,"$1,036 MXN",Variable; da seguimiento en SIASE,Departamento Escolar y de Archivo de la UANL,1. Verifica que tienes el 100% de créditos y el servicio social liberado. 2. Solicita la carta en SIASE. 3. Paga el recibo. 4. Entrega fotografías si se te piden. 5. Recoge tu carta de pasante.,"La carta de pasante acredita que terminaste tu carrera mientras te titulas. Requiere el 100% de los créditos y el servicio social liberado, cuesta $1,036 MXN y la expide el Departamento Escolar y de Archivo de la UANL."
18,Baja de materias,¿Cómo doy de baja una materia? | Quiero darme de baja de una clase | ¿Hasta cuándo puedo dar de baja materias? | ¿Puedo dar de baja una materia que voy en tercera?,La materia debe estar inscrita en primera oportunidad; No se pueden dar de baja materias en tercera o quinta oportunidad,Solicitud de baja; Credencial universitaria,Gratuito,"Durante las primeras tres semanas de clase, a partir del primer día del semestre",Departamento Escolar y de Archivo de la FIME,1. Verifica que la materia esté en primera oportunidad. 2. Solicita la baja en el Departamento Escolar dentro de las primeras tres semanas. 3. Llena el formato de baja. 4. Confirma en SIASE que la materia ya no aparece en tu carga.,Puedes dar de baja materias inscritas en primera oportunidad durante las primeras tres semanas del semestre en el Departamento Escolar de la FIME. Las materias en tercera o quinta oportunidad no se pueden dar de baja según el reglamento.
19,Examen extraordinario,"¿Qué hago si reprobé una materia? | ¿Cómo me inscribo al extraordinario? | ¿Cuándo es la segunda oportunidad? | Reprobé el ordinario, ¿qué sigue?",Haber presentado y no acreditado la primera oportunidad; Estar inscrito en el semestre,Recibo de pago del examen generado en SIASE; Credencial universitaria,Cuota por examen según el recibo de SIASE,Se presenta al final del semestre en las fechas del calendario de exámenes extraordinarios,Departamento Escolar y de Archivo de la FIME,1. Consulta en SIASE tus materias no acreditadas. 2. Inscríbete al examen de segunda oportunidad en las fechas indicadas. 3. Paga el recibo. 4. Presenta el examen el día programado con tu credencial.,"Si no acreditas una materia en primera oportunidad, debes inscribirte al examen extraordinario de segunda oportunidad en el Departamento Escolar de la FIME. Se presenta al final del semestre en las fechas del calendario de extraordinarios."
20,Recursar materia (tercera oportunidad en adelante),"¿Qué pasa si repruebo el extraordinario? | ¿Cómo recurso una materia en tercera oportunidad? | ¿Cuántas oportunidades tengo para pasar una materia? | Voy en cuarta oportunidad, ¿qué hago?",Estar registrado como alumno universitario en el ciclo escolar; Inscribir la materia en la siguiente oportunidad disponible,Inscripción en SIASE; Comprobante de pago del semestre,Incluido en las cuotas del semestre; puede haber cuotas adicionales según la oportunidad,Hasta seis oportunidades por materia; al agotar la cuarta quedas suspendido en tus derechos y debes solicitar autorización para la quinta y sexta,Departamento Escolar y de Archivo de la FIME y Subdirección Académica,"1. Revisa en SIASE en qué oportunidad está tu materia. 2. Inscríbela en el siguiente periodo (tercera oportunidad). 3. Cursa la materia completa de nuevo. 4. Si llegas a quinta o sexta oportunidad, solicita autorización en la Subdirección Académica.","Si no acreditas el extraordinario, recursas la materia en tercera oportunidad inscribiéndola de nuevo en SIASE. Cada materia tiene hasta seis oportunidades; después de la cuarta necesitas autorización especial. Las materias en tercera o quinta oportunidad no se pueden dar de baja."
21,Cambio de carrera,"¿Cómo me cambio de carrera? | Quiero cambiarme a otra ingeniería dentro de FIME | Vengo de otra facultad, ¿cómo revalido mis materias? | ¿Cuánto cuesta la revalidación de materias?",Ser seleccionado en el concurso de ingreso; Solicitar la revalidación en el semestre en que ingresas,"Solicitud de cambio o revalidación firmada; Kardex oficial; Comprobante de pago de Actualización Académica; Comprobante de pago de Rectoría; Si vienes de otra universidad, certificado parcial legalizado","De otra universidad: $550 por estudio y $200 por cada materia revalidada. Dentro de la UANL se pagan las cuotas de Rectoría, interna y Actualización Académica",Según el calendario del concurso de ingreso; la revalidación solo se solicita en el semestre en que ingresas,Subdirección Académica de la FIME (grupo de Teams Revalidaciones FIME),1. Participa y sé seleccionado en el concurso de ingreso. 2. Únete al grupo de Teams Revalidaciones FIME y descarga la solicitud. 3. Reúne tu kardex oficial y los comprobantes de pago. 4. Entrega la solicitud firmada. 5. Inscríbete en las fechas señaladas en SIASE.,"Para cambiarte de carrera debes ser seleccionado en el concurso de ingreso y solicitar la revalidación de materias en el semestre en que ingresas, con tu kardex oficial y comprobantes de pago. Lo atiende la Subdirección Académica de la FIME por medio del grupo de Teams Revalidaciones FIME."
22,Movilidad académica (intercambio),¿Cómo me voy de intercambio? | ¿Qué necesito para estudiar un semestre en el extranjero? | ¿Hay becas para movilidad académica? | ¿Qué promedio piden para el intercambio?,Ser alumno regular con promedio general mínimo de 85; Haber aprobado al menos el 50% de los créditos; Cursar al menos 18 créditos en la universidad destino; Certificar el idioma (inglés TOEFL iBT de 80 puntos o equivalente),Formato de solicitud con fotografía; Carta de motivos; Currículum; Carta de la Subdirección Académica con promedio y créditos; Kardex certificado; Certificado de idioma; Pasaporte vigente al menos 6 meses después del regreso,"El trámite es gratuito; los gastos de viaje corren por tu cuenta, aunque puedes solicitar beca de movilidad","Según convocatoria (por ejemplo, del 9 de diciembre al 27 de febrero para el semestre siguiente)",Coordinación de Movilidad Académica de la FIME y Dirección de Relaciones Internacionales de la UANL,"1. Revisa la convocatoria de movilidad. 2. Verifica promedio, créditos e idioma. 3. Elige universidad destino. 4. Reúne la documentación. 5. Entrega tu solicitud en la Coordinación de Movilidad. 6. Si te aceptan, solicita la beca de movilidad.","Para irte de intercambio necesitas ser alumno regular con promedio de 85 o más, el 50% de créditos y certificar el idioma (por ejemplo TOEFL iBT 80). El trámite se hace con la Coordinación de Movilidad Académica de la FIME según la convocatoria vigente, y puedes pedir una beca de movilidad."
23,Seguro facultativo del IMSS,¿Cómo me doy de alta en el IMSS como estudiante? | ¿Tengo seguro médico por ser alumno? | ¿Cómo saco mi número de seguro social? | ¿Dónde registro mi NSS en SIASE?,Ser alumno inscrito; No contar con otra cobertura de seguridad social; Tener tu Número de Seguridad Social (NSS),CURP; Correo electrónico personal; NSS; Número de tu Unidad de Medicina Familiar (UMF),Gratuito,La afiliación tarda de 24 a 48 horas hábiles,Departamento Escolar de la FIME (registro en SIASE) e Instituto Mexicano del Seguro Social,"1. Obtén tu NSS en el sitio del IMSS con tu CURP y correo. 2. Entra a SIASE, menú Registro IMSS. 3. Captura tu NSS y tu UMF. 4. Espera de 24 a 48 horas hábiles. 5. Descarga tu constancia de vigencia de derechos en el sitio del IMSS y llévala a tu UMF.","Como alumno de la UANL tienes derecho gratis al seguro facultativo del IMSS. Obtén tu NSS en el sitio del IMSS, regístralo junto con tu UMF en SIASE (menú Registro IMSS) y en 24 a 48 horas hábiles quedas afiliado."
24,Servicios médicos,"Me siento mal, ¿a dónde voy? | ¿Hay doctor en la facultad? | ¿Dónde está el servicio médico de la UANL? | ¿Dónde puedo tener una consulta médica?",Ser alumno inscrito; Presentar credencial universitaria,Credencial universitaria; Carnet o NSS del IMSS si acudes a tu UMF,Consulta básica sin costo para alumnos (cubierta por la cuota de servicio médico); algunos estudios pueden tener costo,Atención inmediata en horario escolar; Unidad Ciudad Universitaria de lunes a viernes de 8:00 a 20:00,"Consultorio médico de la FIME, Unidad Ciudad Universitaria de Servicios Médicos (junto a la Biblioteca, tel. 81 1340 4403) y Centro Universitario de Salud (CUS)","1. Acude al consultorio médico de tu facultad. 2. Presenta tu credencial. 3. Recibe atención de primer contacto. 4. Si necesitas seguimiento, ve a la Unidad Ciudad Universitaria, al CUS o a tu UMF del IMSS.","Para atención médica acude primero al consultorio de la FIME con tu credencial. También puedes ir a la Unidad Ciudad Universitaria (lunes a viernes de 8:00 a 20:00, junto a la Biblioteca), al Centro Universitario de Salud o a tu clínica del IMSS si tienes seguro facultativo."
25,Transporte universitario (Tigrebus),¿Cómo funciona el Tigrebus? | ¿Hay camión gratis dentro de Ciudad Universitaria? | ¿Qué rutas tiene el transporte de la UANL? | ¿A qué hora pasa el Tigrebus?,Ser alumno de la UANL; Mostrar tu credencial al subir,Credencial universitaria vigente,Gratuito,TigreVan en Ciudad Universitaria de lunes a viernes de 6:20 a 21:15; las rutas y horarios se actualizan cada semestre,Dirección de Servicios Generales de la UANL,1. Consulta las rutas y horarios vigentes en los avisos de la UANL. 2. Ve a la parada más cercana. 3. Muestra tu credencial al subir. 4. Baja en la facultad o campus de destino.,"El Tigrebus y la TigreVan son el transporte gratuito de la UANL entre facultades y campus (Ciudad Universitaria, Mederos, Ciencias de la Salud y Agropecuarias). Solo necesitas mostrar tu credencial; en CU la TigreVan opera de lunes a viernes de 6:20 a 21:15."
26,Tarjeta de transporte con tarifa preferencial,¿Cómo tramito la tarjeta de estudiante para el camión? | ¿Cómo obtengo la tarifa preferencial de 10 pesos? | ¿Dónde saco la tarjeta Me Muevo de estudiante?,Ser estudiante activo de una institución pública del estado; Comprobar que eres alumno vigente,Identificación oficial (INE si eres mayor de edad); Credencial escolar o constancia de estudios; Tarjeta Me Muevo,"El trámite es gratuito; la tarjeta Me Muevo cuesta $20 MXN (se compra en estaciones del Metro, OXXO o 7-Eleven)",Se realiza de forma presencial y se valida el mismo día,"Gobierno de Nuevo León, módulo de atención en la Torre Administrativa (Washington 2000, col. Obrera, Monterrey)",1. Compra tu tarjeta Me Muevo. 2. Consigue tu constancia de estudios o lleva tu credencial. 3. Acude al módulo de atención con tu INE. 4. Valida tu condición de estudiante. 5. Usa la tarifa preferencial en el transporte público.,Los estudiantes de instituciones públicas de Nuevo León pueden obtener la tarifa preferencial de 10 pesos en el transporte público registrando su tarjeta Me Muevo. Lleva tu INE y tu credencial o constancia de estudios al módulo del Gobierno de Nuevo León; el trámite es gratuito.
27,Correo institucional y Office 365,¿Cómo entro a mi correo de la UANL? | ¿Cómo descargo Office gratis con mi cuenta de la universidad? | ¿Cuál es la contraseña de mi correo uanl.edu.mx? | ¿Cómo activo mi cuenta de Microsoft Teams?,Ser alumno activo de la UANL,Correo universitario @uanl.edu.mx; Contraseña de servicios en línea (la misma de SIASE),Gratuito,Disponible mientras seas alumno activo; un cambio de contraseña tarda unos 30 minutos en sincronizarse,"Dirección de Tecnologías de Información de la UANL (Centro de Ayuda: 81 1340 4343, unionline@uanl.mx)","1. Entra a office.com con tu correo @uanl.edu.mx. 2. Usa la misma contraseña de SIASE. 3. Haz clic en Instalar Office si quieres las aplicaciones. 4. Si la contraseña falla, cámbiala en SIASE y espera 30 minutos.","Tu correo universitario @uanl.edu.mx es una cuenta de Microsoft 365: entras con la misma contraseña de SIASE y puedes instalar Office y usar Teams gratis. Si no funciona, cambia tu contraseña en SIASE o contacta al Centro de Ayuda (81 1340 4343, unionline@uanl.mx)."
28,Recuperar contraseña de SIASE,"Olvidé mi contraseña de SIASE | No puedo entrar a SIASE, ¿qué hago? | ¿Cómo recupero mi NIP de servicios en línea? | Se bloqueó mi cuenta de SIASE",Ser alumno de la UANL; Acreditar tu identidad,Credencial universitaria o identificación oficial; Matrícula,Gratuito,Inmediato en ventanilla; la nueva contraseña tarda unos 30 minutos en sincronizarse con el correo,Departamento Escolar y de Archivo de la FIME,1. Acude al Departamento Escolar de la FIME con tu credencial. 2. Solicita el restablecimiento de tu contraseña. 3. Entra a SIASE con la nueva contraseña. 4. Cámbiala por una segura. 5. Espera 30 minutos para usarla en el correo y Teams.,"Si olvidaste tu contraseña de SIASE, solicítala en el Departamento Escolar de la FIME presentando tu credencial. Es gratuito; después cámbiala por una segura y espera unos 30 minutos para que también funcione en tu correo y Teams."
29,Cafeterías de la facultad,¿Dónde puedo comer en la facultad? | ¿Hay cafetería en FIME? | ¿A qué hora abre la cafetería? | ¿Dónde compro comida en la escuela?,Ninguno; abierto a la comunidad universitaria,Ninguno,Variable según el producto,De lunes a viernes durante el horario escolar (cada local publica su horario),Concesionarios de cafeterías de la FIME supervisados por la Administración de la facultad,1. Ubica la cafetería más cercana a tu edificio. 2. Revisa el menú y los precios. 3. Paga en caja. 4. Deja limpia tu mesa al terminar.,"La FIME cuenta con cafeterías dentro de la facultad que abren de lunes a viernes en horario escolar; los precios dependen del producto. Si hay algún problema con el servicio, repórtalo a la Administración de la facultad."
30,Curso intersemestral (verano),¿Cómo me inscribo al curso de verano? | ¿Puedo adelantar o recuperar materias en el intersemestral? | ¿Cuánto cuesta el curso de verano?,Ser alumno inscrito; Que la materia se ofrezca en el periodo intersemestral,Recibo interno de servicios académicos generado en SIASE (botón INTERSEMESTRAL); Comprobante de pago,Según el recibo interno por materia generado en SIASE,Entre semestres (verano); la convocatoria se publica antes de terminar el semestre enero-junio,Subdirección Académica y Departamento Escolar de la FIME,1. Revisa la convocatoria y las materias ofertadas. 2. Genera el recibo en SIASE con el botón INTERSEMESTRAL. 3. Paga el recibo. 4. Inscríbete en la fecha indicada. 5. Asiste al curso en el periodo intensivo.,"En el curso intersemestral de verano puedes adelantar o recuperar materias. Genera tu recibo en SIASE con el botón INTERSEMESTRAL, págalo e inscríbete en las fechas de la convocatoria que publica la FIME."
31,Convocatorias y avisos,¿Dónde veo las convocatorias de la facultad? | ¿Dónde se publican los avisos de FIME? | ¿Cómo me entero de las fechas importantes del semestre?,Ninguno,Ninguno,Gratuito,Se publican durante todo el semestre; revisa el calendario escolar al inicio de cada periodo,"Dirección de la FIME, Comunicación Institucional y coordinaciones académicas",1. Visita la sección de avisos del sitio fime.uanl.mx. 2. Revisa SIASE y tu correo universitario. 3. Sigue las redes oficiales de la FIME. 4. Únete a los grupos de Teams de tu carrera.,"Las convocatorias de becas, movilidad, servicio social, prácticas y cursos se publican en la sección de avisos de fime.uanl.mx, en las redes oficiales de la FIME, en SIASE y en tu correo universitario. Revisa también el calendario escolar al inicio de cada semestre."
