pregunta,id_esperado
quiero registrar mis materias para el siguiente semestre,1
cuando abre siase para reinscribirme,1
en que banco se paga la colegiatura,2
cuanto hay que pagar de cuota interna este semestre,2
en que salon me toca la clase de fisica,3
no se a que hora tengo clases,3
como saber si aprobé calculo,4
donde reviso mis notas finales,4
me pueden becar por tener 95 de promedio,5
apoyos para alumnos con excelentes calificaciones,5
mi familia no tiene dinero para la cuota hay ayuda,6
necesito mi historial de calificaciones oficial con sello,7
precio del kardex,7
ocupo un papel que diga que soy alumno de la facultad,8
carta que compruebe que estoy inscrito,8
certificado parcial para irme a otra universidad,9
cuando entregan las credenciales a los de primer semestre,10
se me perdió la credencial de la uanl,11
me robaron la credencial cuanto cuesta reponerla,11
cuantos libros puedo pedir prestados en la biblioteca,12
horario de la biblioteca de la facultad,12
rentar libros todo el semestre,13
cuantas horas son de servicio social,14
requisitos para liberar el servicio social,14
quiero hacer mis practicas en una empresa,15
cuando me registro para practicas profesionales,15
que opciones hay para titularme,16
cuanto cuesta tramitar el titulo,16
documento que me dan al terminar la carrera antes del titulo,17
me quiero salir de una materia,18
hasta que semana puedo dar de baja,18
trone el ordinario que hago,19
inscripcion al examen de segunda oportunidad,19
reprobé el extraordinario y ahora que,20
cuantas oportunidades hay para pasar una materia,20
me quiero cambiar a mecatronica,21
revalidar materias de otra universidad,21
quiero estudiar un semestre en otro país,22
promedio minimo para intercambio,22
como me afilio al seguro social siendo estudiante,23
registrar mi nss en siase,23
estoy enfermo hay doctor en la facultad,24
hay consultorio medico en la uanl,24
el camion gratis de la uni a que hora pasa,25
rutas del tigrebus,25
tarjeta para pagar 10 pesos en el camion,26
como tramito la tarifa preferencial de estudiante,26
no puedo entrar a mi correo de la universidad,27
como instalo word gratis,27
olvide mi nip de siase,28
no recuerdo mi contraseña,28
donde puedo almorzar en la fime,29
cursos de verano para recuperar materias,30
donde se publican las convocatorias,31
quien ganó el mundial de futbol,
receta de pastel de chocolate,
asdfghjkl qwerty,
cual es la capital de francia,
recomiendame una pelicula,
como se juega ajedrez,
cuanto es 2 mas 2,
el clima de mañana en monterrey,
